FIPS_Code,State,Area_Name,Year
24000,MD,Maryland,2000
24000,MD,Maryland,2001
24000,MD,Maryland,2002
24000,MD,Maryland,2003
24000,MD,Maryland,2004
24000,MD,Maryland,2005
24000,MD,Maryland,2006
24000,MD,Maryland,2007
24000,MD,Maryland,2008
24000,MD,Maryland,2009
24000,MD,Maryland,2010
24000,MD,Maryland,2011
24000,MD,Maryland,2012
24000,MD,Maryland,2013
24000,MD,Maryland,2014
24000,MD,Maryland,2015
24000,MD,Maryland,2016
24000,MD,Maryland,2017
24000,MD,Maryland,2018
24000,MD,Maryland,2019
24000,MD,Maryland,2020
24000,MD,Maryland,2021
24000,MD,Maryland,2022
24001,MD,"Allegany County, MD",2000
24001,MD,"Allegany County, MD",2001
24001,MD,"Allegany County, MD",2002
24001,MD,"Allegany County, MD",2003
24001,MD,"Allegany County, MD",2004
24001,MD,"Allegany County, MD",2005
24001,MD,"Allegany County, MD",2006
24001,MD,"Allegany County, MD",2007
24001,MD,"Allegany County, MD",2008
24001,MD,"Allegany County, MD",2009
24001,MD,"Allegany County, MD",2010
24001,MD,"Allegany County, MD",2011
24001,MD,"Allegany County, MD",2012
24001,MD,"Allegany County, MD",2013
24001,MD,"Allegany County, MD",2014
24001,MD,"Allegany County, MD",2015
24001,MD,"Allegany County, MD",2016
24001,MD,"Allegany County, MD",2017
24001,MD,"Allegany County, MD",2018
24001,MD,"Allegany County, MD",2019
24001,MD,"Allegany County, MD",2020
24001,MD,"Allegany County, MD",2021
24001,MD,"Allegany County, MD",2022
24003,MD,"Anne Arundel County, MD",2000
24003,MD,"Anne Arundel County, MD",2001
24003,MD,"Anne Arundel County, MD",2002
24003,MD,"Anne Arundel County, MD",2003
24003,MD,"Anne Arundel County, MD",2004
24003,MD,"Anne Arundel County, MD",2005
24003,MD,"Anne Arundel County, MD",2006
24003,MD,"Anne Arundel County, MD",2007
24003,MD,"Anne Arundel County, MD",2008
24003,MD,"Anne Arundel County, MD",2009
24003,MD,"Anne Arundel County, MD",2010
24003,MD,"Anne Arundel County, MD",2011
24003,MD,"Anne Arundel County, MD",2012
24003,MD,"Anne Arundel County, MD",2013
24003,MD,"Anne Arundel County, MD",2014
24003,MD,"Anne Arundel County, MD",2015
24003,MD,"Anne Arundel County, MD",2016
24003,MD,"Anne Arundel County, MD",2017
24003,MD,"Anne Arundel County, MD",2018
24003,MD,"Anne Arundel County, MD",2019
24003,MD,"Anne Arundel County, MD",2020
24003,MD,"Anne Arundel County, MD",2021
24003,MD,"Anne Arundel County, MD",2022
24005,MD,"Baltimore County, MD",2000
24005,MD,"Baltimore County, MD",2001
24005,MD,"Baltimore County, MD",2002
24005,MD,"Baltimore County, MD",2003
24005,MD,"Baltimore County, MD",2004
24005,MD,"Baltimore County, MD",2005
24005,MD,"Baltimore County, MD",2006
24005,MD,"Baltimore County, MD",2007
24005,MD,"Baltimore County, MD",2008
24005,MD,"Baltimore County, MD",2009
24005,MD,"Baltimore County, MD",2010
24005,MD,"Baltimore County, MD",2011
24005,MD,"Baltimore County, MD",2012
24005,MD,"Baltimore County, MD",2013
24005,MD,"Baltimore County, MD",2014
24005,MD,"Baltimore County, MD",2015
24005,MD,"Baltimore County, MD",2016
24005,MD,"Baltimore County, MD",2017
24005,MD,"Baltimore County, MD",2018
24005,MD,"Baltimore County, MD",2019
24005,MD,"Baltimore County, MD",2020
24005,MD,"Baltimore County, MD",2021
24005,MD,"Baltimore County, MD",2022
24009,MD,"Calvert County, MD",2000
24009,MD,"Calvert County, MD",2001
24009,MD,"Calvert County, MD",2002
24009,MD,"Calvert County, MD",2003
24009,MD,"Calvert County, MD",2004
24009,MD,"Calvert County, MD",2005
24009,MD,"Calvert County, MD",2006
24009,MD,"Calvert County, MD",2007
24009,MD,"Calvert County, MD",2008
24009,MD,"Calvert County, MD",2009
24009,MD,"Calvert County, MD",2010
24009,MD,"Calvert County, MD",2011
24009,MD,"Calvert County, MD",2012
24009,MD,"Calvert County, MD",2013
24009,MD,"Calvert County, MD",2014
24009,MD,"Calvert County, MD",2015
24009,MD,"Calvert County, MD",2016
24009,MD,"Calvert County, MD",2017
24009,MD,"Calvert County, MD",2018
24009,MD,"Calvert County, MD",2019
24009,MD,"Calvert County, MD",2020
24009,MD,"Calvert County, MD",2021
24009,MD,"Calvert County, MD",2022
24011,MD,"Caroline County, MD",2000
24011,MD,"Caroline County, MD",2001
24011,MD,"Caroline County, MD",2002
24011,MD,"Caroline County, MD",2003
24011,MD,"Caroline County, MD",2004
24011,MD,"Caroline County, MD",2005
24011,MD,"Caroline County, MD",2006
24011,MD,"Caroline County, MD",2007
24011,MD,"Caroline County, MD",2008
24011,MD,"Caroline County, MD",2009
24011,MD,"Caroline County, MD",2010
24011,MD,"Caroline County, MD",2011
24011,MD,"Caroline County, MD",2012
24011,MD,"Caroline County, MD",2013
24011,MD,"Caroline County, MD",2014
24011,MD,"Caroline County, MD",2015
24011,MD,"Caroline County, MD",2016
24011,MD,"Caroline County, MD",2017
24011,MD,"Caroline County, MD",2018
24011,MD,"Caroline County, MD",2019
24011,MD,"Caroline County, MD",2020
24011,MD,"Caroline County, MD",2021
24011,MD,"Caroline County, MD",2022
24013,MD,"Carroll County, MD",2000
24013,MD,"Carroll County, MD",2001
24013,MD,"Carroll County, MD",2002
24013,MD,"Carroll County, MD",2003
24013,MD,"Carroll County, MD",2004
24013,MD,"Carroll County, MD",2005
24013,MD,"Carroll County, MD",2006
24013,MD,"Carroll County, MD",2007
24013,MD,"Carroll County, MD",2008
24013,MD,"Carroll County, MD",2009
24013,MD,"Carroll County, MD",2010
24013,MD,"Carroll County, MD",2011
24013,MD,"Carroll County, MD",2012
24013,MD,"Carroll County, MD",2013
24013,MD,"Carroll County, MD",2014
24013,MD,"Carroll County, MD",2015
24013,MD,"Carroll County, MD",2016
24013,MD,"Carroll County, MD",2017
24013,MD,"Carroll County, MD",2018
24013,MD,"Carroll County, MD",2019
24013,MD,"Carroll County, MD",2020
24013,MD,"Carroll County, MD",2021
24013,MD,"Carroll County, MD",2022
24015,MD,"Cecil County, MD",2000
24015,MD,"Cecil County, MD",2001
24015,MD,"Cecil County, MD",2002
24015,MD,"Cecil County, MD",2003
24015,MD,"Cecil County, MD",2004
24015,MD,"Cecil County, MD",2005
24015,MD,"Cecil County, MD",2006
24015,MD,"Cecil County, MD",2007
24015,MD,"Cecil County, MD",2008
24015,MD,"Cecil County, MD",2009
24015,MD,"Cecil County, MD",2010
24015,MD,"Cecil County, MD",2011
24015,MD,"Cecil County, MD",2012
24015,MD,"Cecil County, MD",2013
24015,MD,"Cecil County, MD",2014
24015,MD,"Cecil County, MD",2015
24015,MD,"Cecil County, MD",2016
24015,MD,"Cecil County, MD",2017
24015,MD,"Cecil County, MD",2018
24015,MD,"Cecil County, MD",2019
24015,MD,"Cecil County, MD",2020
24015,MD,"Cecil County, MD",2021
24015,MD,"Cecil County, MD",2022
24017,MD,"Charles County, MD",2000
24017,MD,"Charles County, MD",2001
24017,MD,"Charles County, MD",2002
24017,MD,"Charles County, MD",2003
24017,MD,"Charles County, MD",2004
24017,MD,"Charles County, MD",2005
24017,MD,"Charles County, MD",2006
24017,MD,"Charles County, MD",2007
24017,MD,"Charles County, MD",2008
24017,MD,"Charles County, MD",2009
24017,MD,"Charles County, MD",2010
24017,MD,"Charles County, MD",2011
24017,MD,"Charles County, MD",2012
24017,MD,"Charles County, MD",2013
24017,MD,"Charles County, MD",2014
24017,MD,"Charles County, MD",2015
24017,MD,"Charles County, MD",2016
24017,MD,"Charles County, MD",2017
24017,MD,"Charles County, MD",2018
24017,MD,"Charles County, MD",2019
24017,MD,"Charles County, MD",2020
24017,MD,"Charles County, MD",2021
24017,MD,"Charles County, MD",2022
24019,MD,"Dorchester County, MD",2000
24019,MD,"Dorchester County, MD",2001
24019,MD,"Dorchester County, MD",2002
24019,MD,"Dorchester County, MD",2003
24019,MD,"Dorchester County, MD",2004
24019,MD,"Dorchester County, MD",2005
24019,MD,"Dorchester County, MD",2006
24019,MD,"Dorchester County, MD",2007
24019,MD,"Dorchester County, MD",2008
24019,MD,"Dorchester County, MD",2009
24019,MD,"Dorchester County, MD",2010
24019,MD,"Dorchester County, MD",2011
24019,MD,"Dorchester County, MD",2012
24019,MD,"Dorchester County, MD",2013
24019,MD,"Dorchester County, MD",2014
24019,MD,"Dorchester County, MD",2015
24019,MD,"Dorchester County, MD",2016
24019,MD,"Dorchester County, MD",2017
24019,MD,"Dorchester County, MD",2018
24019,MD,"Dorchester County, MD",2019
24019,MD,"Dorchester County, MD",2020
24019,MD,"Dorchester County, MD",2021
24019,MD,"Dorchester County, MD",2022
24021,MD,"Frederick County, MD",2000
24021,MD,"Frederick County, MD",2001
24021,MD,"Frederick County, MD",2002
24021,MD,"Frederick County, MD",2003
24021,MD,"Frederick County, MD",2004
24021,MD,"Frederick County, MD",2005
24021,MD,"Frederick County, MD",2006
24021,MD,"Frederick County, MD",2007
24021,MD,"Frederick County, MD",2008
24021,MD,"Frederick County, MD",2009
24021,MD,"Frederick County, MD",2010
24021,MD,"Frederick County, MD",2011
24021,MD,"Frederick County, MD",2012
24021,MD,"Frederick County, MD",2013
24021,MD,"Frederick County, MD",2014
24021,MD,"Frederick County, MD",2015
24021,MD,"Frederick County, MD",2016
24021,MD,"Frederick County, MD",2017
24021,MD,"Frederick County, MD",2018
24021,MD,"Frederick County, MD",2019
24021,MD,"Frederick County, MD",2020
24021,MD,"Frederick County, MD",2021
24021,MD,"Frederick County, MD",2022
24023,MD,"Garrett County, MD",2000
24023,MD,"Garrett County, MD",2001
24023,MD,"Garrett County, MD",2002
24023,MD,"Garrett County, MD",2003
24023,MD,"Garrett County, MD",2004
24023,MD,"Garrett County, MD",2005
24023,MD,"Garrett County, MD",2006
24023,MD,"Garrett County, MD",2007
24023,MD,"Garrett County, MD",2008
24023,MD,"Garrett County, MD",2009
24023,MD,"Garrett County, MD",2010
24023,MD,"Garrett County, MD",2011
24023,MD,"Garrett County, MD",2012
24023,MD,"Garrett County, MD",2013
24023,MD,"Garrett County, MD",2014
24023,MD,"Garrett County, MD",2015
24023,MD,"Garrett County, MD",2016
24023,MD,"Garrett County, MD",2017
24023,MD,"Garrett County, MD",2018
24023,MD,"Garrett County, MD",2019
24023,MD,"Garrett County, MD",2020
24023,MD,"Garrett County, MD",2021
24023,MD,"Garrett County, MD",2022
24025,MD,"Harford County, MD",2000
24025,MD,"Harford County, MD",2001
24025,MD,"Harford County, MD",2002
24025,MD,"Harford County, MD",2003
24025,MD,"Harford County, MD",2004
24025,MD,"Harford County, MD",2005
24025,MD,"Harford County, MD",2006
24025,MD,"Harford County, MD",2007
24025,MD,"Harford County, MD",2008
24025,MD,"Harford County, MD",2009
24025,MD,"Harford County, MD",2010
24025,MD,"Harford County, MD",2011
24025,MD,"Harford County, MD",2012
24025,MD,"Harford County, MD",2013
24025,MD,"Harford County, MD",2014
24025,MD,"Harford County, MD",2015
24025,MD,"Harford County, MD",2016
24025,MD,"Harford County, MD",2017
24025,MD,"Harford County, MD",2018
24025,MD,"Harford County, MD",2019
24025,MD,"Harford County, MD",2020
24025,MD,"Harford County, MD",2021
24025,MD,"Harford County, MD",2022
24027,MD,"Howard County, MD",2000
24027,MD,"Howard County, MD",2001
24027,MD,"Howard County, MD",2002
24027,MD,"Howard County, MD",2003
24027,MD,"Howard County, MD",2004
24027,MD,"Howard County, MD",2005
24027,MD,"Howard County, MD",2006
24027,MD,"Howard County, MD",2007
24027,MD,"Howard County, MD",2008
24027,MD,"Howard County, MD",2009
24027,MD,"Howard County, MD",2010
24027,MD,"Howard County, MD",2011
24027,MD,"Howard County, MD",2012
24027,MD,"Howard County, MD",2013
24027,MD,"Howard County, MD",2014
24027,MD,"Howard County, MD",2015
24027,MD,"Howard County, MD",2016
24027,MD,"Howard County, MD",2017
24027,MD,"Howard County, MD",2018
24027,MD,"Howard County, MD",2019
24027,MD,"Howard County, MD",2020
24027,MD,"Howard County, MD",2021
24027,MD,"Howard County, MD",2022
24029,MD,"Kent County, MD",2000
24029,MD,"Kent County, MD",2001
24029,MD,"Kent County, MD",2002
24029,MD,"Kent County, MD",2003
24029,MD,"Kent County, MD",2004
24029,MD,"Kent County, MD",2005
24029,MD,"Kent County, MD",2006
24029,MD,"Kent County, MD",2007
24029,MD,"Kent County, MD",2008
24029,MD,"Kent County, MD",2009
24029,MD,"Kent County, MD",2010
24029,MD,"Kent County, MD",2011
24029,MD,"Kent County, MD",2012
24029,MD,"Kent County, MD",2013
24029,MD,"Kent County, MD",2014
24029,MD,"Kent County, MD",2015
24029,MD,"Kent County, MD",2016
24029,MD,"Kent County, MD",2017
24029,MD,"Kent County, MD",2018
24029,MD,"Kent County, MD",2019
24029,MD,"Kent County, MD",2020
24029,MD,"Kent County, MD",2021
24029,MD,"Kent County, MD",2022
24031,MD,"Montgomery County, MD",2000
24031,MD,"Montgomery County, MD",2001
24031,MD,"Montgomery County, MD",2002
24031,MD,"Montgomery County, MD",2003
24031,MD,"Montgomery County, MD",2004
24031,MD,"Montgomery County, MD",2005
24031,MD,"Montgomery County, MD",2006
24031,MD,"Montgomery County, MD",2007
24031,MD,"Montgomery County, MD",2008
24031,MD,"Montgomery County, MD",2009
24031,MD,"Montgomery County, MD",2010
24031,MD,"Montgomery County, MD",2011
24031,MD,"Montgomery County, MD",2012
24031,MD,"Montgomery County, MD",2013
24031,MD,"Montgomery County, MD",2014
24031,MD,"Montgomery County, MD",2015
24031,MD,"Montgomery County, MD",2016
24031,MD,"Montgomery County, MD",2017
24031,MD,"Montgomery County, MD",2018
24031,MD,"Montgomery County, MD",2019
24031,MD,"Montgomery County, MD",2020
24031,MD,"Montgomery County, MD",2021
24031,MD,"Montgomery County, MD",2022
24033,MD,"Prince George's County, MD",2000
24033,MD,"Prince George's County, MD",2001
24033,MD,"Prince George's County, MD",2002
24033,MD,"Prince George's County, MD",2003
24033,MD,"Prince George's County, MD",2004
24033,MD,"Prince George's County, MD",2005
24033,MD,"Prince George's County, MD",2006
24033,MD,"Prince George's County, MD",2007
24033,MD,"Prince George's County, MD",2008
24033,MD,"Prince George's County, MD",2009
24033,MD,"Prince George's County, MD",2010
24033,MD,"Prince George's County, MD",2011
24033,MD,"Prince George's County, MD",2012
24033,MD,"Prince George's County, MD",2013
24033,MD,"Prince George's County, MD",2014
24033,MD,"Prince George's County, MD",2015
24033,MD,"Prince George's County, MD",2016
24033,MD,"Prince George's County, MD",2017
24033,MD,"Prince George's County, MD",2018
24033,MD,"Prince George's County, MD",2019
24033,MD,"Prince George's County, MD",2020
24033,MD,"Prince George's County, MD",2021
24033,MD,"Prince George's County, MD",2022
24035,MD,"Queen Anne's County, MD",2000
24035,MD,"Queen Anne's County, MD",2001
24035,MD,"Queen Anne's County, MD",2002
24035,MD,"Queen Anne's County, MD",2003
24035,MD,"Queen Anne's County, MD",2004
24035,MD,"Queen Anne's County, MD",2005
24035,MD,"Queen Anne's County, MD",2006
24035,MD,"Queen Anne's County, MD",2007
24035,MD,"Queen Anne's County, MD",2008
24035,MD,"Queen Anne's County, MD",2009
24035,MD,"Queen Anne's County, MD",2010
24035,MD,"Queen Anne's County, MD",2011
24035,MD,"Queen Anne's County, MD",2012
24035,MD,"Queen Anne's County, MD",2013
24035,MD,"Queen Anne's County, MD",2014
24035,MD,"Queen Anne's County, MD",2015
24035,MD,"Queen Anne's County, MD",2016
24035,MD,"Queen Anne's County, MD",2017
24035,MD,"Queen Anne's County, MD",2018
24035,MD,"Queen Anne's County, MD",2019
24035,MD,"Queen Anne's County, MD",2020
24035,MD,"Queen Anne's County, MD",2021
24035,MD,"Queen Anne's County, MD",2022
24037,MD,"St. Mary's County, MD",2000
24037,MD,"St. Mary's County, MD",2001
24037,MD,"St. Mary's County, MD",2002
24037,MD,"St. Mary's County, MD",2003
24037,MD,"St. Mary's County, MD",2004
24037,MD,"St. Mary's County, MD",2005
24037,MD,"St. Mary's County, MD",2006
24037,MD,"St. Mary's County, MD",2007
24037,MD,"St. Mary's County, MD",2008
24037,MD,"St. Mary's County, MD",2009
24037,MD,"St. Mary's County, MD",2010
24037,MD,"St. Mary's County, MD",2011
24037,MD,"St. Mary's County, MD",2012
24037,MD,"St. Mary's County, MD",2013
24037,MD,"St. Mary's County, MD",2014
24037,MD,"St. Mary's County, MD",2015
24037,MD,"St. Mary's County, MD",2016
24037,MD,"St. Mary's County, MD",2017
24037,MD,"St. Mary's County, MD",2018
24037,MD,"St. Mary's County, MD",2019
24037,MD,"St. Mary's County, MD",2020
24037,MD,"St. Mary's County, MD",2021
24037,MD,"St. Mary's County, MD",2022
24039,MD,"Somerset County, MD",2000
24039,MD,"Somerset County, MD",2001
24039,MD,"Somerset County, MD",2002
24039,MD,"Somerset County, MD",2003
24039,MD,"Somerset County, MD",2004
24039,MD,"Somerset County, MD",2005
24039,MD,"Somerset County, MD",2006
24039,MD,"Somerset County, MD",2007
24039,MD,"Somerset County, MD",2008
24039,MD,"Somerset County, MD",2009
24039,MD,"Somerset County, MD",2010
24039,MD,"Somerset County, MD",2011
24039,MD,"Somerset County, MD",2012
24039,MD,"Somerset County, MD",2013
24039,MD,"Somerset County, MD",2014
24039,MD,"Somerset County, MD",2015
24039,MD,"Somerset County, MD",2016
24039,MD,"Somerset County, MD",2017
24039,MD,"Somerset County, MD",2018
24039,MD,"Somerset County, MD",2019
24039,MD,"Somerset County, MD",2020
24039,MD,"Somerset County, MD",2021
24039,MD,"Somerset County, MD",2022
24041,MD,"Talbot County, MD",2000
24041,MD,"Talbot County, MD",2001
24041,MD,"Talbot County, MD",2002
24041,MD,"Talbot County, MD",2003
24041,MD,"Talbot County, MD",2004
24041,MD,"Talbot County, MD",2005
24041,MD,"Talbot County, MD",2006
24041,MD,"Talbot County, MD",2007
24041,MD,"Talbot County, MD",2008
24041,MD,"Talbot County, MD",2009
24041,MD,"Talbot County, MD",2010
24041,MD,"Talbot County, MD",2011
24041,MD,"Talbot County, MD",2012
24041,MD,"Talbot County, MD",2013
24041,MD,"Talbot County, MD",2014
24041,MD,"Talbot County, MD",2015
24041,MD,"Talbot County, MD",2016
24041,MD,"Talbot County, MD",2017
24041,MD,"Talbot County, MD",2018
24041,MD,"Talbot County, MD",2019
24041,MD,"Talbot County, MD",2020
24041,MD,"Talbot County, MD",2021
24041,MD,"Talbot County, MD",2022
24043,MD,"Washington County, MD",2000
24043,MD,"Washington County, MD",2001
24043,MD,"Washington County, MD",2002
24043,MD,"Washington County, MD",2003
24043,MD,"Washington County, MD",2004
24043,MD,"Washington County, MD",2005
24043,MD,"Washington County, MD",2006
24043,MD,"Washington County, MD",2007
24043,MD,"Washington County, MD",2008
24043,MD,"Washington County, MD",2009
24043,MD,"Washington County, MD",2010
24043,MD,"Washington County, MD",2011
24043,MD,"Washington County, MD",2012
24043,MD,"Washington County, MD",2013
24043,MD,"Washington County, MD",2014
24043,MD,"Washington County, MD",2015
24043,MD,"Washington County, MD",2016
24043,MD,"Washington County, MD",2017
24043,MD,"Washington County, MD",2018
24043,MD,"Washington County, MD",2019
24043,MD,"Washington County, MD",2020
24043,MD,"Washington County, MD",2021
24043,MD,"Washington County, MD",2022
24045,MD,"Wicomico County, MD",2000
24045,MD,"Wicomico County, MD",2001
24045,MD,"Wicomico County, MD",2002
24045,MD,"Wicomico County, MD",2003
24045,MD,"Wicomico County, MD",2004
24045,MD,"Wicomico County, MD",2005
24045,MD,"Wicomico County, MD",2006
24045,MD,"Wicomico County, MD",2007
24045,MD,"Wicomico County, MD",2008
24045,MD,"Wicomico County, MD",2009
24045,MD,"Wicomico County, MD",2010
24045,MD,"Wicomico County, MD",2011
24045,MD,"Wicomico County, MD",2012
24045,MD,"Wicomico County, MD",2013
24045,MD,"Wicomico County, MD",2014
24045,MD,"Wicomico County, MD",2015
24045,MD,"Wicomico County, MD",2016
24045,MD,"Wicomico County, MD",2017
24045,MD,"Wicomico County, MD",2018
24045,MD,"Wicomico County, MD",2019
24045,MD,"Wicomico County, MD",2020
24045,MD,"Wicomico County, MD",2021
24045,MD,"Wicomico County, MD",2022
24047,MD,"Worcester County, MD",2000
24047,MD,"Worcester County, MD",2001
24047,MD,"Worcester County, MD",2002
24047,MD,"Worcester County, MD",2003
24047,MD,"Worcester County, MD",2004
24047,MD,"Worcester County, MD",2005
24047,MD,"Worcester County, MD",2006
24047,MD,"Worcester County, MD",2007
24047,MD,"Worcester County, MD",2008
24047,MD,"Worcester County, MD",2009
24047,MD,"Worcester County, MD",2010
24047,MD,"Worcester County, MD",2011
24047,MD,"Worcester County, MD",2012
24047,MD,"Worcester County, MD",2013
24047,MD,"Worcester County, MD",2014
24047,MD,"Worcester County, MD",2015
24047,MD,"Worcester County, MD",2016
24047,MD,"Worcester County, MD",2017
24047,MD,"Worcester County, MD",2018
24047,MD,"Worcester County, MD",2019
24047,MD,"Worcester County, MD",2020
24047,MD,"Worcester County, MD",2021
24047,MD,"Worcester County, MD",2022
24510,MD,"Baltimore city, MD",2000
24510,MD,"Baltimore city, MD",2001
24510,MD,"Baltimore city, MD",2002
24510,MD,"Baltimore city, MD",2003
24510,MD,"Baltimore city, MD",2004
24510,MD,"Baltimore city, MD",2005
24510,MD,"Baltimore city, MD",2006
24510,MD,"Baltimore city, MD",2007
24510,MD,"Baltimore city, MD",2008
24510,MD,"Baltimore city, MD",2009
24510,MD,"Baltimore city, MD",2010
24510,MD,"Baltimore city, MD",2011
24510,MD,"Baltimore city, MD",2012
24510,MD,"Baltimore city, MD",2013
24510,MD,"Baltimore city, MD",2014
24510,MD,"Baltimore city, MD",2015
24510,MD,"Baltimore city, MD",2016
24510,MD,"Baltimore city, MD",2017
24510,MD,"Baltimore city, MD",2018
24510,MD,"Baltimore city, MD",2019
24510,MD,"Baltimore city, MD",2020
24510,MD,"Baltimore city, MD",2021
24510,MD,"Baltimore city, MD",2022
36000,NY,New York,2000
36000,NY,New York,2001
36000,NY,New York,2002
36000,NY,New York,2003
36000,NY,New York,2004
36000,NY,New York,2005
36000,NY,New York,2006
36000,NY,New York,2007
36000,NY,New York,2008
36000,NY,New York,2009
36000,NY,New York,2010
36000,NY,New York,2011
36000,NY,New York,2012
36000,NY,New York,2013
36000,NY,New York,2014
36000,NY,New York,2015
36000,NY,New York,2016
36000,NY,New York,2017
36000,NY,New York,2018
36000,NY,New York,2019
36000,NY,New York,2020
36000,NY,New York,2021
36000,NY,New York,2022
36001,NY,"Albany County, NY",2000
36001,NY,"Albany County, NY",2001
36001,NY,"Albany County, NY",2002
36001,NY,"Albany County, NY",2003
36001,NY,"Albany County, NY",2004
36001,NY,"Albany County, NY",2005
36001,NY,"Albany County, NY",2006
36001,NY,"Albany County, NY",2007
36001,NY,"Albany County, NY",2008
36001,NY,"Albany County, NY",2009
36001,NY,"Albany County, NY",2010
36001,NY,"Albany County, NY",2011
36001,NY,"Albany County, NY",2012
36001,NY,"Albany County, NY",2013
36001,NY,"Albany County, NY",2014
36001,NY,"Albany County, NY",2015
36001,NY,"Albany County, NY",2016
36001,NY,"Albany County, NY",2017
36001,NY,"Albany County, NY",2018
36001,NY,"Albany County, NY",2019
36001,NY,"Albany County, NY",2020
36001,NY,"Albany County, NY",2021
36001,NY,"Albany County, NY",2022
36003,NY,"Allegany County, NY",2000
36003,NY,"Allegany County, NY",2001
36003,NY,"Allegany County, NY",2002
36003,NY,"Allegany County, NY",2003
36003,NY,"Allegany County, NY",2004
36003,NY,"Allegany County, NY",2005
36003,NY,"Allegany County, NY",2006
36003,NY,"Allegany County, NY",2007
36003,NY,"Allegany County, NY",2008
36003,NY,"Allegany County, NY",2009
36003,NY,"Allegany County, NY",2010
36003,NY,"Allegany County, NY",2011
36003,NY,"Allegany County, NY",2012
36003,NY,"Allegany County, NY",2013
36003,NY,"Allegany County, NY",2014
36003,NY,"Allegany County, NY",2015
36003,NY,"Allegany County, NY",2016
36003,NY,"Allegany County, NY",2017
36003,NY,"Allegany County, NY",2018
36003,NY,"Allegany County, NY",2019
36003,NY,"Allegany County, NY",2020
36003,NY,"Allegany County, NY",2021
36003,NY,"Allegany County, NY",2022
36005,NY,"Bronx County, NY",2000
36005,NY,"Bronx County, NY",2001
36005,NY,"Bronx County, NY",2002
36005,NY,"Bronx County, NY",2003
36005,NY,"Bronx County, NY",2004
36005,NY,"Bronx County, NY",2005
36005,NY,"Bronx County, NY",2006
36005,NY,"Bronx County, NY",2007
36005,NY,"Bronx County, NY",2008
36005,NY,"Bronx County, NY",2009
36005,NY,"Bronx County, NY",2010
36005,NY,"Bronx County, NY",2011
36005,NY,"Bronx County, NY",2012
36005,NY,"Bronx County, NY",2013
36005,NY,"Bronx County, NY",2014
36005,NY,"Bronx County, NY",2015
36005,NY,"Bronx County, NY",2016
36005,NY,"Bronx County, NY",2017
36005,NY,"Bronx County, NY",2018
36005,NY,"Bronx County, NY",2019
36005,NY,"Bronx County, NY",2020
36005,NY,"Bronx County, NY",2021
36005,NY,"Bronx County, NY",2022
36007,NY,"Broome County, NY",2000
36007,NY,"Broome County, NY",2001
36007,NY,"Broome County, NY",2002
36007,NY,"Broome County, NY",2003
36007,NY,"Broome County, NY",2004
36007,NY,"Broome County, NY",2005
36007,NY,"Broome County, NY",2006
36007,NY,"Broome County, NY",2007
36007,NY,"Broome County, NY",2008
36007,NY,"Broome County, NY",2009
36007,NY,"Broome County, NY",2010
36007,NY,"Broome County, NY",2011
36007,NY,"Broome County, NY",2012
36007,NY,"Broome County, NY",2013
36007,NY,"Broome County, NY",2014
36007,NY,"Broome County, NY",2015
36007,NY,"Broome County, NY",2016
36007,NY,"Broome County, NY",2017
36007,NY,"Broome County, NY",2018
36007,NY,"Broome County, NY",2019
36007,NY,"Broome County, NY",2020
36007,NY,"Broome County, NY",2021
36007,NY,"Broome County, NY",2022
36009,NY,"Cattaraugus County, NY",2000
36009,NY,"Cattaraugus County, NY",2001
36009,NY,"Cattaraugus County, NY",2002
36009,NY,"Cattaraugus County, NY",2003
36009,NY,"Cattaraugus County, NY",2004
36009,NY,"Cattaraugus County, NY",2005
36009,NY,"Cattaraugus County, NY",2006
36009,NY,"Cattaraugus County, NY",2007
36009,NY,"Cattaraugus County, NY",2008
36009,NY,"Cattaraugus County, NY",2009
36009,NY,"Cattaraugus County, NY",2010
36009,NY,"Cattaraugus County, NY",2011
36009,NY,"Cattaraugus County, NY",2012
36009,NY,"Cattaraugus County, NY",2013
36009,NY,"Cattaraugus County, NY",2014
36009,NY,"Cattaraugus County, NY",2015
36009,NY,"Cattaraugus County, NY",2016
36009,NY,"Cattaraugus County, NY",2017
36009,NY,"Cattaraugus County, NY",2018
36009,NY,"Cattaraugus County, NY",2019
36009,NY,"Cattaraugus County, NY",2020
36009,NY,"Cattaraugus County, NY",2021
36009,NY,"Cattaraugus County, NY",2022
36011,NY,"Cayuga County, NY",2000
36011,NY,"Cayuga County, NY",2001
36011,NY,"Cayuga County, NY",2002
36011,NY,"Cayuga County, NY",2003
36011,NY,"Cayuga County, NY",2004
36011,NY,"Cayuga County, NY",2005
36011,NY,"Cayuga County, NY",2006
36011,NY,"Cayuga County, NY",2007
36011,NY,"Cayuga County, NY",2008
36011,NY,"Cayuga County, NY",2009
36011,NY,"Cayuga County, NY",2010
36011,NY,"Cayuga County, NY",2011
36011,NY,"Cayuga County, NY",2012
36011,NY,"Cayuga County, NY",2013
36011,NY,"Cayuga County, NY",2014
36011,NY,"Cayuga County, NY",2015
36011,NY,"Cayuga County, NY",2016
36011,NY,"Cayuga County, NY",2017
36011,NY,"Cayuga County, NY",2018
36011,NY,"Cayuga County, NY",2019
36011,NY,"Cayuga County, NY",2020
36011,NY,"Cayuga County, NY",2021
36011,NY,"Cayuga County, NY",2022
36013,NY,"Chautauqua County, NY",2000
36013,NY,"Chautauqua County, NY",2001
36013,NY,"Chautauqua County, NY",2002
36013,NY,"Chautauqua County, NY",2003
36013,NY,"Chautauqua County, NY",2004
36013,NY,"Chautauqua County, NY",2005
36013,NY,"Chautauqua County, NY",2006
36013,NY,"Chautauqua County, NY",2007
36013,NY,"Chautauqua County, NY",2008
36013,NY,"Chautauqua County, NY",2009
36013,NY,"Chautauqua County, NY",2010
36013,NY,"Chautauqua County, NY",2011
36013,NY,"Chautauqua County, NY",2012
36013,NY,"Chautauqua County, NY",2013
36013,NY,"Chautauqua County, NY",2014
36013,NY,"Chautauqua County, NY",2015
36013,NY,"Chautauqua County, NY",2016
36013,NY,"Chautauqua County, NY",2017
36013,NY,"Chautauqua County, NY",2018
36013,NY,"Chautauqua County, NY",2019
36013,NY,"Chautauqua County, NY",2020
36013,NY,"Chautauqua County, NY",2021
36013,NY,"Chautauqua County, NY",2022
36015,NY,"Chemung County, NY",2000
36015,NY,"Chemung County, NY",2001
36015,NY,"Chemung County, NY",2002
36015,NY,"Chemung County, NY",2003
36015,NY,"Chemung County, NY",2004
36015,NY,"Chemung County, NY",2005
36015,NY,"Chemung County, NY",2006
36015,NY,"Chemung County, NY",2007
36015,NY,"Chemung County, NY",2008
36015,NY,"Chemung County, NY",2009
36015,NY,"Chemung County, NY",2010
36015,NY,"Chemung County, NY",2011
36015,NY,"Chemung County, NY",2012
36015,NY,"Chemung County, NY",2013
36015,NY,"Chemung County, NY",2014
36015,NY,"Chemung County, NY",2015
36015,NY,"Chemung County, NY",2016
36015,NY,"Chemung County, NY",2017
36015,NY,"Chemung County, NY",2018
36015,NY,"Chemung County, NY",2019
36015,NY,"Chemung County, NY",2020
36015,NY,"Chemung County, NY",2021
36015,NY,"Chemung County, NY",2022
36017,NY,"Chenango County, NY",2000
36017,NY,"Chenango County, NY",2001
36017,NY,"Chenango County, NY",2002
36017,NY,"Chenango County, NY",2003
36017,NY,"Chenango County, NY",2004
36017,NY,"Chenango County, NY",2005
36017,NY,"Chenango County, NY",2006
36017,NY,"Chenango County, NY",2007
36017,NY,"Chenango County, NY",2008
36017,NY,"Chenango County, NY",2009
36017,NY,"Chenango County, NY",2010
36017,NY,"Chenango County, NY",2011
36017,NY,"Chenango County, NY",2012
36017,NY,"Chenango County, NY",2013
36017,NY,"Chenango County, NY",2014
36017,NY,"Chenango County, NY",2015
36017,NY,"Chenango County, NY",2016
36017,NY,"Chenango County, NY",2017
36017,NY,"Chenango County, NY",2018
36017,NY,"Chenango County, NY",2019
36017,NY,"Chenango County, NY",2020
36017,NY,"Chenango County, NY",2021
36017,NY,"Chenango County, NY",2022
36019,NY,"Clinton County, NY",2000
36019,NY,"Clinton County, NY",2001
36019,NY,"Clinton County, NY",2002
36019,NY,"Clinton County, NY",2003
36019,NY,"Clinton County, NY",2004
36019,NY,"Clinton County, NY",2005
36019,NY,"Clinton County, NY",2006
36019,NY,"Clinton County, NY",2007
36019,NY,"Clinton County, NY",2008
36019,NY,"Clinton County, NY",2009
36019,NY,"Clinton County, NY",2010
36019,NY,"Clinton County, NY",2011
36019,NY,"Clinton County, NY",2012
36019,NY,"Clinton County, NY",2013
36019,NY,"Clinton County, NY",2014
36019,NY,"Clinton County, NY",2015
36019,NY,"Clinton County, NY",2016
36019,NY,"Clinton County, NY",2017
36019,NY,"Clinton County, NY",2018
36019,NY,"Clinton County, NY",2019
36019,NY,"Clinton County, NY",2020
36019,NY,"Clinton County, NY",2021
36019,NY,"Clinton County, NY",2022
36021,NY,"Columbia County, NY",2000
36021,NY,"Columbia County, NY",2001
36021,NY,"Columbia County, NY",2002
36021,NY,"Columbia County, NY",2003
36021,NY,"Columbia County, NY",2004
36021,NY,"Columbia County, NY",2005
36021,NY,"Columbia County, NY",2006
36021,NY,"Columbia County, NY",2007
36021,NY,"Columbia County, NY",2008
36021,NY,"Columbia County, NY",2009
36021,NY,"Columbia County, NY",2010
36021,NY,"Columbia County, NY",2011
36021,NY,"Columbia County, NY",2012
36021,NY,"Columbia County, NY",2013
36021,NY,"Columbia County, NY",2014
36021,NY,"Columbia County, NY",2015
36021,NY,"Columbia County, NY",2016
36021,NY,"Columbia County, NY",2017
36021,NY,"Columbia County, NY",2018
36021,NY,"Columbia County, NY",2019
36021,NY,"Columbia County, NY",2020
36021,NY,"Columbia County, NY",2021
36021,NY,"Columbia County, NY",2022
36023,NY,"Cortland County, NY",2000
36023,NY,"Cortland County, NY",2001
36023,NY,"Cortland County, NY",2002
36023,NY,"Cortland County, NY",2003
36023,NY,"Cortland County, NY",2004
36023,NY,"Cortland County, NY",2005
36023,NY,"Cortland County, NY",2006
36023,NY,"Cortland County, NY",2007
36023,NY,"Cortland County, NY",2008
36023,NY,"Cortland County, NY",2009
36023,NY,"Cortland County, NY",2010
36023,NY,"Cortland County, NY",2011
36023,NY,"Cortland County, NY",2012
36023,NY,"Cortland County, NY",2013
36023,NY,"Cortland County, NY",2014
36023,NY,"Cortland County, NY",2015
36023,NY,"Cortland County, NY",2016
36023,NY,"Cortland County, NY",2017
36023,NY,"Cortland County, NY",2018
36023,NY,"Cortland County, NY",2019
36023,NY,"Cortland County, NY",2020
36023,NY,"Cortland County, NY",2021
36023,NY,"Cortland County, NY",2022
36025,NY,"Delaware County, NY",2000
36025,NY,"Delaware County, NY",2001
36025,NY,"Delaware County, NY",2002
36025,NY,"Delaware County, NY",2003
36025,NY,"Delaware County, NY",2004
36025,NY,"Delaware County, NY",2005
36025,NY,"Delaware County, NY",2006
36025,NY,"Delaware County, NY",2007
36025,NY,"Delaware County, NY",2008
36025,NY,"Delaware County, NY",2009
36025,NY,"Delaware County, NY",2010
36025,NY,"Delaware County, NY",2011
36025,NY,"Delaware County, NY",2012
36025,NY,"Delaware County, NY",2013
36025,NY,"Delaware County, NY",2014
36025,NY,"Delaware County, NY",2015
36025,NY,"Delaware County, NY",2016
36025,NY,"Delaware County, NY",2017
36025,NY,"Delaware County, NY",2018
36025,NY,"Delaware County, NY",2019
36025,NY,"Delaware County, NY",2020
36025,NY,"Delaware County, NY",2021
36025,NY,"Delaware County, NY",2022
36027,NY,"Dutchess County, NY",2000
36027,NY,"Dutchess County, NY",2001
36027,NY,"Dutchess County, NY",2002
36027,NY,"Dutchess County, NY",2003
36027,NY,"Dutchess County, NY",2004
36027,NY,"Dutchess County, NY",2005
36027,NY,"Dutchess County, NY",2006
36027,NY,"Dutchess County, NY",2007
36027,NY,"Dutchess County, NY",2008
36027,NY,"Dutchess County, NY",2009
36027,NY,"Dutchess County, NY",2010
36027,NY,"Dutchess County, NY",2011
36027,NY,"Dutchess County, NY",2012
36027,NY,"Dutchess County, NY",2013
36027,NY,"Dutchess County, NY",2014
36027,NY,"Dutchess County, NY",2015
36027,NY,"Dutchess County, NY",2016
36027,NY,"Dutchess County, NY",2017
36027,NY,"Dutchess County, NY",2018
36027,NY,"Dutchess County, NY",2019
36027,NY,"Dutchess County, NY",2020
36027,NY,"Dutchess County, NY",2021
36027,NY,"Dutchess County, NY",2022
36029,NY,"Erie County, NY",2000
36029,NY,"Erie County, NY",2001
36029,NY,"Erie County, NY",2002
36029,NY,"Erie County, NY",2003
36029,NY,"Erie County, NY",2004
36029,NY,"Erie County, NY",2005
36029,NY,"Erie County, NY",2006
36029,NY,"Erie County, NY",2007
36029,NY,"Erie County, NY",2008
36029,NY,"Erie County, NY",2009
36029,NY,"Erie County, NY",2010
36029,NY,"Erie County, NY",2011
36029,NY,"Erie County, NY",2012
36029,NY,"Erie County, NY",2013
36029,NY,"Erie County, NY",2014
36029,NY,"Erie County, NY",2015
36029,NY,"Erie County, NY",2016
36029,NY,"Erie County, NY",2017
36029,NY,"Erie County, NY",2018
36029,NY,"Erie County, NY",2019
36029,NY,"Erie County, NY",2020
36029,NY,"Erie County, NY",2021
36029,NY,"Erie County, NY",2022
36031,NY,"Essex County, NY",2000
36031,NY,"Essex County, NY",2001
36031,NY,"Essex County, NY",2002
36031,NY,"Essex County, NY",2003
36031,NY,"Essex County, NY",2004
36031,NY,"Essex County, NY",2005
36031,NY,"Essex County, NY",2006
36031,NY,"Essex County, NY",2007
36031,NY,"Essex County, NY",2008
36031,NY,"Essex County, NY",2009
36031,NY,"Essex County, NY",2010
36031,NY,"Essex County, NY",2011
36031,NY,"Essex County, NY",2012
36031,NY,"Essex County, NY",2013
36031,NY,"Essex County, NY",2014
36031,NY,"Essex County, NY",2015
36031,NY,"Essex County, NY",2016
36031,NY,"Essex County, NY",2017
36031,NY,"Essex County, NY",2018
36031,NY,"Essex County, NY",2019
36031,NY,"Essex County, NY",2020
36031,NY,"Essex County, NY",2021
36031,NY,"Essex County, NY",2022
36033,NY,"Franklin County, NY",2000
36033,NY,"Franklin County, NY",2001
36033,NY,"Franklin County, NY",2002
36033,NY,"Franklin County, NY",2003
36033,NY,"Franklin County, NY",2004
36033,NY,"Franklin County, NY",2005
36033,NY,"Franklin County, NY",2006
36033,NY,"Franklin County, NY",2007
36033,NY,"Franklin County, NY",2008
36033,NY,"Franklin County, NY",2009
36033,NY,"Franklin County, NY",2010
36033,NY,"Franklin County, NY",2011
36033,NY,"Franklin County, NY",2012
36033,NY,"Franklin County, NY",2013
36033,NY,"Franklin County, NY",2014
36033,NY,"Franklin County, NY",2015
36033,NY,"Franklin County, NY",2016
36033,NY,"Franklin County, NY",2017
36033,NY,"Franklin County, NY",2018
36033,NY,"Franklin County, NY",2019
36033,NY,"Franklin County, NY",2020
36033,NY,"Franklin County, NY",2021
36033,NY,"Franklin County, NY",2022
36035,NY,"Fulton County, NY",2000
36035,NY,"Fulton County, NY",2001
36035,NY,"Fulton County, NY",2002
36035,NY,"Fulton County, NY",2003
36035,NY,"Fulton County, NY",2004
36035,NY,"Fulton County, NY",2005
36035,NY,"Fulton County, NY",2006
36035,NY,"Fulton County, NY",2007
36035,NY,"Fulton County, NY",2008
36035,NY,"Fulton County, NY",2009
36035,NY,"Fulton County, NY",2010
36035,NY,"Fulton County, NY",2011
36035,NY,"Fulton County, NY",2012
36035,NY,"Fulton County, NY",2013
36035,NY,"Fulton County, NY",2014
36035,NY,"Fulton County, NY",2015
36035,NY,"Fulton County, NY",2016
36035,NY,"Fulton County, NY",2017
36035,NY,"Fulton County, NY",2018
36035,NY,"Fulton County, NY",2019
36035,NY,"Fulton County, NY",2020
36035,NY,"Fulton County, NY",2021
36035,NY,"Fulton County, NY",2022
36037,NY,"Genesee County, NY",2000
36037,NY,"Genesee County, NY",2001
36037,NY,"Genesee County, NY",2002
36037,NY,"Genesee County, NY",2003
36037,NY,"Genesee County, NY",2004
36037,NY,"Genesee County, NY",2005
36037,NY,"Genesee County, NY",2006
36037,NY,"Genesee County, NY",2007
36037,NY,"Genesee County, NY",2008
36037,NY,"Genesee County, NY",2009
36037,NY,"Genesee County, NY",2010
36037,NY,"Genesee County, NY",2011
36037,NY,"Genesee County, NY",2012
36037,NY,"Genesee County, NY",2013
36037,NY,"Genesee County, NY",2014
36037,NY,"Genesee County, NY",2015
36037,NY,"Genesee County, NY",2016
36037,NY,"Genesee County, NY",2017
36037,NY,"Genesee County, NY",2018
36037,NY,"Genesee County, NY",2019
36037,NY,"Genesee County, NY",2020
36037,NY,"Genesee County, NY",2021
36037,NY,"Genesee County, NY",2022
36039,NY,"Greene County, NY",2000
36039,NY,"Greene County, NY",2001
36039,NY,"Greene County, NY",2002
36039,NY,"Greene County, NY",2003
36039,NY,"Greene County, NY",2004
36039,NY,"Greene County, NY",2005
36039,NY,"Greene County, NY",2006
36039,NY,"Greene County, NY",2007
36039,NY,"Greene County, NY",2008
36039,NY,"Greene County, NY",2009
36039,NY,"Greene County, NY",2010
36039,NY,"Greene County, NY",2011
36039,NY,"Greene County, NY",2012
36039,NY,"Greene County, NY",2013
36039,NY,"Greene County, NY",2014
36039,NY,"Greene County, NY",2015
36039,NY,"Greene County, NY",2016
36039,NY,"Greene County, NY",2017
36039,NY,"Greene County, NY",2018
36039,NY,"Greene County, NY",2019
36039,NY,"Greene County, NY",2020
36039,NY,"Greene County, NY",2021
36039,NY,"Greene County, NY",2022
36041,NY,"Hamilton County, NY",2000
36041,NY,"Hamilton County, NY",2001
36041,NY,"Hamilton County, NY",2002
36041,NY,"Hamilton County, NY",2003
36041,NY,"Hamilton County, NY",2004
36041,NY,"Hamilton County, NY",2005
36041,NY,"Hamilton County, NY",2006
36041,NY,"Hamilton County, NY",2007
36041,NY,"Hamilton County, NY",2008
36041,NY,"Hamilton County, NY",2009
36041,NY,"Hamilton County, NY",2010
36041,NY,"Hamilton County, NY",2011
36041,NY,"Hamilton County, NY",2012
36041,NY,"Hamilton County, NY",2013
36041,NY,"Hamilton County, NY",2014
36041,NY,"Hamilton County, NY",2015
36041,NY,"Hamilton County, NY",2016
36041,NY,"Hamilton County, NY",2017
36041,NY,"Hamilton County, NY",2018
36041,NY,"Hamilton County, NY",2019
36041,NY,"Hamilton County, NY",2020
36041,NY,"Hamilton County, NY",2021
36041,NY,"Hamilton County, NY",2022
36043,NY,"Herkimer County, NY",2000
36043,NY,"Herkimer County, NY",2001
36043,NY,"Herkimer County, NY",2002
36043,NY,"Herkimer County, NY",2003
36043,NY,"Herkimer County, NY",2004
36043,NY,"Herkimer County, NY",2005
36043,NY,"Herkimer County, NY",2006
36043,NY,"Herkimer County, NY",2007
36043,NY,"Herkimer County, NY",2008
36043,NY,"Herkimer County, NY",2009
36043,NY,"Herkimer County, NY",2010
36043,NY,"Herkimer County, NY",2011
36043,NY,"Herkimer County, NY",2012
36043,NY,"Herkimer County, NY",2013
36043,NY,"Herkimer County, NY",2014
36043,NY,"Herkimer County, NY",2015
36043,NY,"Herkimer County, NY",2016
36043,NY,"Herkimer County, NY",2017
36043,NY,"Herkimer County, NY",2018
36043,NY,"Herkimer County, NY",2019
36043,NY,"Herkimer County, NY",2020
36043,NY,"Herkimer County, NY",2021
36043,NY,"Herkimer County, NY",2022
36045,NY,"Jefferson County, NY",2000
36045,NY,"Jefferson County, NY",2001
36045,NY,"Jefferson County, NY",2002
36045,NY,"Jefferson County, NY",2003
36045,NY,"Jefferson County, NY",2004
36045,NY,"Jefferson County, NY",2005
36045,NY,"Jefferson County, NY",2006
36045,NY,"Jefferson County, NY",2007
36045,NY,"Jefferson County, NY",2008
36045,NY,"Jefferson County, NY",2009
36045,NY,"Jefferson County, NY",2010
36045,NY,"Jefferson County, NY",2011
36045,NY,"Jefferson County, NY",2012
36045,NY,"Jefferson County, NY",2013
36045,NY,"Jefferson County, NY",2014
36045,NY,"Jefferson County, NY",2015
36045,NY,"Jefferson County, NY",2016
36045,NY,"Jefferson County, NY",2017
36045,NY,"Jefferson County, NY",2018
36045,NY,"Jefferson County, NY",2019
36045,NY,"Jefferson County, NY",2020
36045,NY,"Jefferson County, NY",2021
36045,NY,"Jefferson County, NY",2022
36047,NY,"Kings County, NY",2000
36047,NY,"Kings County, NY",2001
36047,NY,"Kings County, NY",2002
36047,NY,"Kings County, NY",2003
36047,NY,"Kings County, NY",2004
36047,NY,"Kings County, NY",2005
36047,NY,"Kings County, NY",2006
36047,NY,"Kings County, NY",2007
36047,NY,"Kings County, NY",2008
36047,NY,"Kings County, NY",2009
36047,NY,"Kings County, NY",2010
36047,NY,"Kings County, NY",2011
36047,NY,"Kings County, NY",2012
36047,NY,"Kings County, NY",2013
36047,NY,"Kings County, NY",2014
36047,NY,"Kings County, NY",2015
36047,NY,"Kings County, NY",2016
36047,NY,"Kings County, NY",2017
36047,NY,"Kings County, NY",2018
36047,NY,"Kings County, NY",2019
36047,NY,"Kings County, NY",2020
36047,NY,"Kings County, NY",2021
36047,NY,"Kings County, NY",2022
36049,NY,"Lewis County, NY",2000
36049,NY,"Lewis County, NY",2001
36049,NY,"Lewis County, NY",2002
36049,NY,"Lewis County, NY",2003
36049,NY,"Lewis County, NY",2004
36049,NY,"Lewis County, NY",2005
36049,NY,"Lewis County, NY",2006
36049,NY,"Lewis County, NY",2007
36049,NY,"Lewis County, NY",2008
36049,NY,"Lewis County, NY",2009
36049,NY,"Lewis County, NY",2010
36049,NY,"Lewis County, NY",2011
36049,NY,"Lewis County, NY",2012
36049,NY,"Lewis County, NY",2013
36049,NY,"Lewis County, NY",2014
36049,NY,"Lewis County, NY",2015
36049,NY,"Lewis County, NY",2016
36049,NY,"Lewis County, NY",2017
36049,NY,"Lewis County, NY",2018
36049,NY,"Lewis County, NY",2019
36049,NY,"Lewis County, NY",2020
36049,NY,"Lewis County, NY",2021
36049,NY,"Lewis County, NY",2022
36051,NY,"Livingston County, NY",2000
36051,NY,"Livingston County, NY",2001
36051,NY,"Livingston County, NY",2002
36051,NY,"Livingston County, NY",2003
36051,NY,"Livingston County, NY",2004
36051,NY,"Livingston County, NY",2005
36051,NY,"Livingston County, NY",2006
36051,NY,"Livingston County, NY",2007
36051,NY,"Livingston County, NY",2008
36051,NY,"Livingston County, NY",2009
36051,NY,"Livingston County, NY",2010
36051,NY,"Livingston County, NY",2011
36051,NY,"Livingston County, NY",2012
36051,NY,"Livingston County, NY",2013
36051,NY,"Livingston County, NY",2014
36051,NY,"Livingston County, NY",2015
36051,NY,"Livingston County, NY",2016
36051,NY,"Livingston County, NY",2017
36051,NY,"Livingston County, NY",2018
36051,NY,"Livingston County, NY",2019
36051,NY,"Livingston County, NY",2020
36051,NY,"Livingston County, NY",2021
36051,NY,"Livingston County, NY",2022
36053,NY,"Madison County, NY",2000
36053,NY,"Madison County, NY",2001
36053,NY,"Madison County, NY",2002
36053,NY,"Madison County, NY",2003
36053,NY,"Madison County, NY",2004
36053,NY,"Madison County, NY",2005
36053,NY,"Madison County, NY",2006
36053,NY,"Madison County, NY",2007
36053,NY,"Madison County, NY",2008
36053,NY,"Madison County, NY",2009
36053,NY,"Madison County, NY",2010
36053,NY,"Madison County, NY",2011
36053,NY,"Madison County, NY",2012
36053,NY,"Madison County, NY",2013
36053,NY,"Madison County, NY",2014
36053,NY,"Madison County, NY",2015
36053,NY,"Madison County, NY",2016
36053,NY,"Madison County, NY",2017
36053,NY,"Madison County, NY",2018
36053,NY,"Madison County, NY",2019
36053,NY,"Madison County, NY",2020
36053,NY,"Madison County, NY",2021
36053,NY,"Madison County, NY",2022
36055,NY,"Monroe County, NY",2000
36055,NY,"Monroe County, NY",2001
36055,NY,"Monroe County, NY",2002
36055,NY,"Monroe County, NY",2003
36055,NY,"Monroe County, NY",2004
36055,NY,"Monroe County, NY",2005
36055,NY,"Monroe County, NY",2006
36055,NY,"Monroe County, NY",2007
36055,NY,"Monroe County, NY",2008
36055,NY,"Monroe County, NY",2009
36055,NY,"Monroe County, NY",2010
36055,NY,"Monroe County, NY",2011
36055,NY,"Monroe County, NY",2012
36055,NY,"Monroe County, NY",2013
36055,NY,"Monroe County, NY",2014
36055,NY,"Monroe County, NY",2015
36055,NY,"Monroe County, NY",2016
36055,NY,"Monroe County, NY",2017
36055,NY,"Monroe County, NY",2018
36055,NY,"Monroe County, NY",2019
36055,NY,"Monroe County, NY",2020
36055,NY,"Monroe County, NY",2021
36055,NY,"Monroe County, NY",2022
36057,NY,"Montgomery County, NY",2000
36057,NY,"Montgomery County, NY",2001
36057,NY,"Montgomery County, NY",2002
36057,NY,"Montgomery County, NY",2003
36057,NY,"Montgomery County, NY",2004
36057,NY,"Montgomery County, NY",2005
36057,NY,"Montgomery County, NY",2006
36057,NY,"Montgomery County, NY",2007
36057,NY,"Montgomery County, NY",2008
36057,NY,"Montgomery County, NY",2009
36057,NY,"Montgomery County, NY",2010
36057,NY,"Montgomery County, NY",2011
36057,NY,"Montgomery County, NY",2012
36057,NY,"Montgomery County, NY",2013
36057,NY,"Montgomery County, NY",2014
36057,NY,"Montgomery County, NY",2015
36057,NY,"Montgomery County, NY",2016
36057,NY,"Montgomery County, NY",2017
36057,NY,"Montgomery County, NY",2018
36057,NY,"Montgomery County, NY",2019
36057,NY,"Montgomery County, NY",2020
36057,NY,"Montgomery County, NY",2021
36057,NY,"Montgomery County, NY",2022
36059,NY,"Nassau County, NY",2000
36059,NY,"Nassau County, NY",2001
36059,NY,"Nassau County, NY",2002
36059,NY,"Nassau County, NY",2003
36059,NY,"Nassau County, NY",2004
36059,NY,"Nassau County, NY",2005
36059,NY,"Nassau County, NY",2006
36059,NY,"Nassau County, NY",2007
36059,NY,"Nassau County, NY",2008
36059,NY,"Nassau County, NY",2009
36059,NY,"Nassau County, NY",2010
36059,NY,"Nassau County, NY",2011
36059,NY,"Nassau County, NY",2012
36059,NY,"Nassau County, NY",2013
36059,NY,"Nassau County, NY",2014
36059,NY,"Nassau County, NY",2015
36059,NY,"Nassau County, NY",2016
36059,NY,"Nassau County, NY",2017
36059,NY,"Nassau County, NY",2018
36059,NY,"Nassau County, NY",2019
36059,NY,"Nassau County, NY",2020
36059,NY,"Nassau County, NY",2021
36059,NY,"Nassau County, NY",2022
36061,NY,"New York County, NY",2000
36061,NY,"New York County, NY",2001
36061,NY,"New York County, NY",2002
36061,NY,"New York County, NY",2003
36061,NY,"New York County, NY",2004
36061,NY,"New York County, NY",2005
36061,NY,"New York County, NY",2006
36061,NY,"New York County, NY",2007
36061,NY,"New York County, NY",2008
36061,NY,"New York County, NY",2009
36061,NY,"New York County, NY",2010
36061,NY,"New York County, NY",2011
36061,NY,"New York County, NY",2012
36061,NY,"New York County, NY",2013
36061,NY,"New York County, NY",2014
36061,NY,"New York County, NY",2015
36061,NY,"New York County, NY",2016
36061,NY,"New York County, NY",2017
36061,NY,"New York County, NY",2018
36061,NY,"New York County, NY",2019
36061,NY,"New York County, NY",2020
36061,NY,"New York County, NY",2021
36061,NY,"New York County, NY",2022
36063,NY,"Niagara County, NY",2000
36063,NY,"Niagara County, NY",2001
36063,NY,"Niagara County, NY",2002
36063,NY,"Niagara County, NY",2003
36063,NY,"Niagara County, NY",2004
36063,NY,"Niagara County, NY",2005
36063,NY,"Niagara County, NY",2006
36063,NY,"Niagara County, NY",2007
36063,NY,"Niagara County, NY",2008
36063,NY,"Niagara County, NY",2009
36063,NY,"Niagara County, NY",2010
36063,NY,"Niagara County, NY",2011
36063,NY,"Niagara County, NY",2012
36063,NY,"Niagara County, NY",2013
36063,NY,"Niagara County, NY",2014
36063,NY,"Niagara County, NY",2015
36063,NY,"Niagara County, NY",2016
36063,NY,"Niagara County, NY",2017
36063,NY,"Niagara County, NY",2018
36063,NY,"Niagara County, NY",2019
36063,NY,"Niagara County, NY",2020
36063,NY,"Niagara County, NY",2021
36063,NY,"Niagara County, NY",2022
36065,NY,"Oneida County, NY",2000
36065,NY,"Oneida County, NY",2001
36065,NY,"Oneida County, NY",2002
36065,NY,"Oneida County, NY",2003
36065,NY,"Oneida County, NY",2004
36065,NY,"Oneida County, NY",2005
36065,NY,"Oneida County, NY",2006
36065,NY,"Oneida County, NY",2007
36065,NY,"Oneida County, NY",2008
36065,NY,"Oneida County, NY",2009
36065,NY,"Oneida County, NY",2010
36065,NY,"Oneida County, NY",2011
36065,NY,"Oneida County, NY",2012
36065,NY,"Oneida County, NY",2013
36065,NY,"Oneida County, NY",2014
36065,NY,"Oneida County, NY",2015
36065,NY,"Oneida County, NY",2016
36065,NY,"Oneida County, NY",2017
36065,NY,"Oneida County, NY",2018
36065,NY,"Oneida County, NY",2019
36065,NY,"Oneida County, NY",2020
36065,NY,"Oneida County, NY",2021
36065,NY,"Oneida County, NY",2022
36067,NY,"Onondaga County, NY",2000
36067,NY,"Onondaga County, NY",2001
36067,NY,"Onondaga County, NY",2002
36067,NY,"Onondaga County, NY",2003
36067,NY,"Onondaga County, NY",2004
36067,NY,"Onondaga County, NY",2005
36067,NY,"Onondaga County, NY",2006
36067,NY,"Onondaga County, NY",2007
36067,NY,"Onondaga County, NY",2008
36067,NY,"Onondaga County, NY",2009
36067,NY,"Onondaga County, NY",2010
36067,NY,"Onondaga County, NY",2011
36067,NY,"Onondaga County, NY",2012
36067,NY,"Onondaga County, NY",2013
36067,NY,"Onondaga County, NY",2014
36067,NY,"Onondaga County, NY",2015
36067,NY,"Onondaga County, NY",2016
36067,NY,"Onondaga County, NY",2017
36067,NY,"Onondaga County, NY",2018
36067,NY,"Onondaga County, NY",2019
36067,NY,"Onondaga County, NY",2020
36067,NY,"Onondaga County, NY",2021
36067,NY,"Onondaga County, NY",2022
36069,NY,"Ontario County, NY",2000
36069,NY,"Ontario County, NY",2001
36069,NY,"Ontario County, NY",2002
36069,NY,"Ontario County, NY",2003
36069,NY,"Ontario County, NY",2004
36069,NY,"Ontario County, NY",2005
36069,NY,"Ontario County, NY",2006
36069,NY,"Ontario County, NY",2007
36069,NY,"Ontario County, NY",2008
36069,NY,"Ontario County, NY",2009
36069,NY,"Ontario County, NY",2010
36069,NY,"Ontario County, NY",2011
36069,NY,"Ontario County, NY",2012
36069,NY,"Ontario County, NY",2013
36069,NY,"Ontario County, NY",2014
36069,NY,"Ontario County, NY",2015
36069,NY,"Ontario County, NY",2016
36069,NY,"Ontario County, NY",2017
36069,NY,"Ontario County, NY",2018
36069,NY,"Ontario County, NY",2019
36069,NY,"Ontario County, NY",2020
36069,NY,"Ontario County, NY",2021
36069,NY,"Ontario County, NY",2022
36071,NY,"Orange County, NY",2000
36071,NY,"Orange County, NY",2001
36071,NY,"Orange County, NY",2002
36071,NY,"Orange County, NY",2003
36071,NY,"Orange County, NY",2004
36071,NY,"Orange County, NY",2005
36071,NY,"Orange County, NY",2006
36071,NY,"Orange County, NY",2007
36071,NY,"Orange County, NY",2008
36071,NY,"Orange County, NY",2009
36071,NY,"Orange County, NY",2010
36071,NY,"Orange County, NY",2011
36071,NY,"Orange County, NY",2012
36071,NY,"Orange County, NY",2013
36071,NY,"Orange County, NY",2014
36071,NY,"Orange County, NY",2015
36071,NY,"Orange County, NY",2016
36071,NY,"Orange County, NY",2017
36071,NY,"Orange County, NY",2018
36071,NY,"Orange County, NY",2019
36071,NY,"Orange County, NY",2020
36071,NY,"Orange County, NY",2021
36071,NY,"Orange County, NY",2022
36073,NY,"Orleans County, NY",2000
36073,NY,"Orleans County, NY",2001
36073,NY,"Orleans County, NY",2002
36073,NY,"Orleans County, NY",2003
36073,NY,"Orleans County, NY",2004
36073,NY,"Orleans County, NY",2005
36073,NY,"Orleans County, NY",2006
36073,NY,"Orleans County, NY",2007
36073,NY,"Orleans County, NY",2008
36073,NY,"Orleans County, NY",2009
36073,NY,"Orleans County, NY",2010
36073,NY,"Orleans County, NY",2011
36073,NY,"Orleans County, NY",2012
36073,NY,"Orleans County, NY",2013
36073,NY,"Orleans County, NY",2014
36073,NY,"Orleans County, NY",2015
36073,NY,"Orleans County, NY",2016
36073,NY,"Orleans County, NY",2017
36073,NY,"Orleans County, NY",2018
36073,NY,"Orleans County, NY",2019
36073,NY,"Orleans County, NY",2020
36073,NY,"Orleans County, NY",2021
36073,NY,"Orleans County, NY",2022
36075,NY,"Oswego County, NY",2000
36075,NY,"Oswego County, NY",2001
36075,NY,"Oswego County, NY",2002
36075,NY,"Oswego County, NY",2003
36075,NY,"Oswego County, NY",2004
36075,NY,"Oswego County, NY",2005
36075,NY,"Oswego County, NY",2006
36075,NY,"Oswego County, NY",2007
36075,NY,"Oswego County, NY",2008
36075,NY,"Oswego County, NY",2009
36075,NY,"Oswego County, NY",2010
36075,NY,"Oswego County, NY",2011
36075,NY,"Oswego County, NY",2012
36075,NY,"Oswego County, NY",2013
36075,NY,"Oswego County, NY",2014
36075,NY,"Oswego County, NY",2015
36075,NY,"Oswego County, NY",2016
36075,NY,"Oswego County, NY",2017
36075,NY,"Oswego County, NY",2018
36075,NY,"Oswego County, NY",2019
36075,NY,"Oswego County, NY",2020
36075,NY,"Oswego County, NY",2021
36075,NY,"Oswego County, NY",2022
36077,NY,"Otsego County, NY",2000
36077,NY,"Otsego County, NY",2001
36077,NY,"Otsego County, NY",2002
36077,NY,"Otsego County, NY",2003
36077,NY,"Otsego County, NY",2004
36077,NY,"Otsego County, NY",2005
36077,NY,"Otsego County, NY",2006
36077,NY,"Otsego County, NY",2007
36077,NY,"Otsego County, NY",2008
36077,NY,"Otsego County, NY",2009
36077,NY,"Otsego County, NY",2010
36077,NY,"Otsego County, NY",2011
36077,NY,"Otsego County, NY",2012
36077,NY,"Otsego County, NY",2013
36077,NY,"Otsego County, NY",2014
36077,NY,"Otsego County, NY",2015
36077,NY,"Otsego County, NY",2016
36077,NY,"Otsego County, NY",2017
36077,NY,"Otsego County, NY",2018
36077,NY,"Otsego County, NY",2019
36077,NY,"Otsego County, NY",2020
36077,NY,"Otsego County, NY",2021
36077,NY,"Otsego County, NY",2022
36079,NY,"Putnam County, NY",2000
36079,NY,"Putnam County, NY",2001
36079,NY,"Putnam County, NY",2002
36079,NY,"Putnam County, NY",2003
36079,NY,"Putnam County, NY",2004
36079,NY,"Putnam County, NY",2005
36079,NY,"Putnam County, NY",2006
36079,NY,"Putnam County, NY",2007
36079,NY,"Putnam County, NY",2008
36079,NY,"Putnam County, NY",2009
36079,NY,"Putnam County, NY",2010
36079,NY,"Putnam County, NY",2011
36079,NY,"Putnam County, NY",2012
36079,NY,"Putnam County, NY",2013
36079,NY,"Putnam County, NY",2014
36079,NY,"Putnam County, NY",2015
36079,NY,"Putnam County, NY",2016
36079,NY,"Putnam County, NY",2017
36079,NY,"Putnam County, NY",2018
36079,NY,"Putnam County, NY",2019
36079,NY,"Putnam County, NY",2020
36079,NY,"Putnam County, NY",2021
36079,NY,"Putnam County, NY",2022
36081,NY,"Queens County, NY",2000
36081,NY,"Queens County, NY",2001
36081,NY,"Queens County, NY",2002
36081,NY,"Queens County, NY",2003
36081,NY,"Queens County, NY",2004
36081,NY,"Queens County, NY",2005
36081,NY,"Queens County, NY",2006
36081,NY,"Queens County, NY",2007
36081,NY,"Queens County, NY",2008
36081,NY,"Queens County, NY",2009
36081,NY,"Queens County, NY",2010
36081,NY,"Queens County, NY",2011
36081,NY,"Queens County, NY",2012
36081,NY,"Queens County, NY",2013
36081,NY,"Queens County, NY",2014
36081,NY,"Queens County, NY",2015
36081,NY,"Queens County, NY",2016
36081,NY,"Queens County, NY",2017
36081,NY,"Queens County, NY",2018
36081,NY,"Queens County, NY",2019
36081,NY,"Queens County, NY",2020
36081,NY,"Queens County, NY",2021
36081,NY,"Queens County, NY",2022
36083,NY,"Rensselaer County, NY",2000
36083,NY,"Rensselaer County, NY",2001
36083,NY,"Rensselaer County, NY",2002
36083,NY,"Rensselaer County, NY",2003
36083,NY,"Rensselaer County, NY",2004
36083,NY,"Rensselaer County, NY",2005
36083,NY,"Rensselaer County, NY",2006
36083,NY,"Rensselaer County, NY",2007
36083,NY,"Rensselaer County, NY",2008
36083,NY,"Rensselaer County, NY",2009
36083,NY,"Rensselaer County, NY",2010
36083,NY,"Rensselaer County, NY",2011
36083,NY,"Rensselaer County, NY",2012
36083,NY,"Rensselaer County, NY",2013
36083,NY,"Rensselaer County, NY",2014
36083,NY,"Rensselaer County, NY",2015
36083,NY,"Rensselaer County, NY",2016
36083,NY,"Rensselaer County, NY",2017
36083,NY,"Rensselaer County, NY",2018
36083,NY,"Rensselaer County, NY",2019
36083,NY,"Rensselaer County, NY",2020
36083,NY,"Rensselaer County, NY",2021
36083,NY,"Rensselaer County, NY",2022
36085,NY,"Richmond County, NY",2000
36085,NY,"Richmond County, NY",2001
36085,NY,"Richmond County, NY",2002
36085,NY,"Richmond County, NY",2003
36085,NY,"Richmond County, NY",2004
36085,NY,"Richmond County, NY",2005
36085,NY,"Richmond County, NY",2006
36085,NY,"Richmond County, NY",2007
36085,NY,"Richmond County, NY",2008
36085,NY,"Richmond County, NY",2009
36085,NY,"Richmond County, NY",2010
36085,NY,"Richmond County, NY",2011
36085,NY,"Richmond County, NY",2012
36085,NY,"Richmond County, NY",2013
36085,NY,"Richmond County, NY",2014
36085,NY,"Richmond County, NY",2015
36085,NY,"Richmond County, NY",2016
36085,NY,"Richmond County, NY",2017
36085,NY,"Richmond County, NY",2018
36085,NY,"Richmond County, NY",2019
36085,NY,"Richmond County, NY",2020
36085,NY,"Richmond County, NY",2021
36085,NY,"Richmond County, NY",2022
36087,NY,"Rockland County, NY",2000
36087,NY,"Rockland County, NY",2001
36087,NY,"Rockland County, NY",2002
36087,NY,"Rockland County, NY",2003
36087,NY,"Rockland County, NY",2004
36087,NY,"Rockland County, NY",2005
36087,NY,"Rockland County, NY",2006
36087,NY,"Rockland County, NY",2007
36087,NY,"Rockland County, NY",2008
36087,NY,"Rockland County, NY",2009
36087,NY,"Rockland County, NY",2010
36087,NY,"Rockland County, NY",2011
36087,NY,"Rockland County, NY",2012
36087,NY,"Rockland County, NY",2013
36087,NY,"Rockland County, NY",2014
36087,NY,"Rockland County, NY",2015
36087,NY,"Rockland County, NY",2016
36087,NY,"Rockland County, NY",2017
36087,NY,"Rockland County, NY",2018
36087,NY,"Rockland County, NY",2019
36087,NY,"Rockland County, NY",2020
36087,NY,"Rockland County, NY",2021
36087,NY,"Rockland County, NY",2022
36089,NY,"St. Lawrence County, NY",2000
36089,NY,"St. Lawrence County, NY",2001
36089,NY,"St. Lawrence County, NY",2002
36089,NY,"St. Lawrence County, NY",2003
36089,NY,"St. Lawrence County, NY",2004
36089,NY,"St. Lawrence County, NY",2005
36089,NY,"St. Lawrence County, NY",2006
36089,NY,"St. Lawrence County, NY",2007
36089,NY,"St. Lawrence County, NY",2008
36089,NY,"St. Lawrence County, NY",2009
36089,NY,"St. Lawrence County, NY",2010
36089,NY,"St. Lawrence County, NY",2011
36089,NY,"St. Lawrence County, NY",2012
36089,NY,"St. Lawrence County, NY",2013
36089,NY,"St. Lawrence County, NY",2014
36089,NY,"St. Lawrence County, NY",2015
36089,NY,"St. Lawrence County, NY",2016
36089,NY,"St. Lawrence County, NY",2017
36089,NY,"St. Lawrence County, NY",2018
36089,NY,"St. Lawrence County, NY",2019
36089,NY,"St. Lawrence County, NY",2020
36089,NY,"St. Lawrence County, NY",2021
36089,NY,"St. Lawrence County, NY",2022
36091,NY,"Saratoga County, NY",2000
36091,NY,"Saratoga County, NY",2001
36091,NY,"Saratoga County, NY",2002
36091,NY,"Saratoga County, NY",2003
36091,NY,"Saratoga County, NY",2004
36091,NY,"Saratoga County, NY",2005
36091,NY,"Saratoga County, NY",2006
36091,NY,"Saratoga County, NY",2007
36091,NY,"Saratoga County, NY",2008
36091,NY,"Saratoga County, NY",2009
36091,NY,"Saratoga County, NY",2010
36091,NY,"Saratoga County, NY",2011
36091,NY,"Saratoga County, NY",2012
36091,NY,"Saratoga County, NY",2013
36091,NY,"Saratoga County, NY",2014
36091,NY,"Saratoga County, NY",2015
36091,NY,"Saratoga County, NY",2016
36091,NY,"Saratoga County, NY",2017
36091,NY,"Saratoga County, NY",2018
36091,NY,"Saratoga County, NY",2019
36091,NY,"Saratoga County, NY",2020
36091,NY,"Saratoga County, NY",2021
36091,NY,"Saratoga County, NY",2022
36093,NY,"Schenectady County, NY",2000
36093,NY,"Schenectady County, NY",2001
36093,NY,"Schenectady County, NY",2002
36093,NY,"Schenectady County, NY",2003
36093,NY,"Schenectady County, NY",2004
36093,NY,"Schenectady County, NY",2005
36093,NY,"Schenectady County, NY",2006
36093,NY,"Schenectady County, NY",2007
36093,NY,"Schenectady County, NY",2008
36093,NY,"Schenectady County, NY",2009
36093,NY,"Schenectady County, NY",2010
36093,NY,"Schenectady County, NY",2011
36093,NY,"Schenectady County, NY",2012
36093,NY,"Schenectady County, NY",2013
36093,NY,"Schenectady County, NY",2014
36093,NY,"Schenectady County, NY",2015
36093,NY,"Schenectady County, NY",2016
36093,NY,"Schenectady County, NY",2017
36093,NY,"Schenectady County, NY",2018
36093,NY,"Schenectady County, NY",2019
36093,NY,"Schenectady County, NY",2020
36093,NY,"Schenectady County, NY",2021
36093,NY,"Schenectady County, NY",2022
36095,NY,"Schoharie County, NY",2000
36095,NY,"Schoharie County, NY",2001
36095,NY,"Schoharie County, NY",2002
36095,NY,"Schoharie County, NY",2003
36095,NY,"Schoharie County, NY",2004
36095,NY,"Schoharie County, NY",2005
36095,NY,"Schoharie County, NY",2006
36095,NY,"Schoharie County, NY",2007
36095,NY,"Schoharie County, NY",2008
36095,NY,"Schoharie County, NY",2009
36095,NY,"Schoharie County, NY",2010
36095,NY,"Schoharie County, NY",2011
36095,NY,"Schoharie County, NY",2012
36095,NY,"Schoharie County, NY",2013
36095,NY,"Schoharie County, NY",2014
36095,NY,"Schoharie County, NY",2015
36095,NY,"Schoharie County, NY",2016
36095,NY,"Schoharie County, NY",2017
36095,NY,"Schoharie County, NY",2018
36095,NY,"Schoharie County, NY",2019
36095,NY,"Schoharie County, NY",2020
36095,NY,"Schoharie County, NY",2021
36095,NY,"Schoharie County, NY",2022
36097,NY,"Schuyler County, NY",2000
36097,NY,"Schuyler County, NY",2001
36097,NY,"Schuyler County, NY",2002
36097,NY,"Schuyler County, NY",2003
36097,NY,"Schuyler County, NY",2004
36097,NY,"Schuyler County, NY",2005
36097,NY,"Schuyler County, NY",2006
36097,NY,"Schuyler County, NY",2007
36097,NY,"Schuyler County, NY",2008
36097,NY,"Schuyler County, NY",2009
36097,NY,"Schuyler County, NY",2010
36097,NY,"Schuyler County, NY",2011
36097,NY,"Schuyler County, NY",2012
36097,NY,"Schuyler County, NY",2013
36097,NY,"Schuyler County, NY",2014
36097,NY,"Schuyler County, NY",2015
36097,NY,"Schuyler County, NY",2016
36097,NY,"Schuyler County, NY",2017
36097,NY,"Schuyler County, NY",2018
36097,NY,"Schuyler County, NY",2019
36097,NY,"Schuyler County, NY",2020
36097,NY,"Schuyler County, NY",2021
36097,NY,"Schuyler County, NY",2022
36099,NY,"Seneca County, NY",2000
36099,NY,"Seneca County, NY",2001
36099,NY,"Seneca County, NY",2002
36099,NY,"Seneca County, NY",2003
36099,NY,"Seneca County, NY",2004
36099,NY,"Seneca County, NY",2005
36099,NY,"Seneca County, NY",2006
36099,NY,"Seneca County, NY",2007
36099,NY,"Seneca County, NY",2008
36099,NY,"Seneca County, NY",2009
36099,NY,"Seneca County, NY",2010
36099,NY,"Seneca County, NY",2011
36099,NY,"Seneca County, NY",2012
36099,NY,"Seneca County, NY",2013
36099,NY,"Seneca County, NY",2014
36099,NY,"Seneca County, NY",2015
36099,NY,"Seneca County, NY",2016
36099,NY,"Seneca County, NY",2017
36099,NY,"Seneca County, NY",2018
36099,NY,"Seneca County, NY",2019
36099,NY,"Seneca County, NY",2020
36099,NY,"Seneca County, NY",2021
36099,NY,"Seneca County, NY",2022
36101,NY,"Steuben County, NY",2000
36101,NY,"Steuben County, NY",2001
36101,NY,"Steuben County, NY",2002
36101,NY,"Steuben County, NY",2003
36101,NY,"Steuben County, NY",2004
36101,NY,"Steuben County, NY",2005
36101,NY,"Steuben County, NY",2006
36101,NY,"Steuben County, NY",2007
36101,NY,"Steuben County, NY",2008
36101,NY,"Steuben County, NY",2009
36101,NY,"Steuben County, NY",2010
36101,NY,"Steuben County, NY",2011
36101,NY,"Steuben County, NY",2012
36101,NY,"Steuben County, NY",2013
36101,NY,"Steuben County, NY",2014
36101,NY,"Steuben County, NY",2015
36101,NY,"Steuben County, NY",2016
36101,NY,"Steuben County, NY",2017
36101,NY,"Steuben County, NY",2018
36101,NY,"Steuben County, NY",2019
36101,NY,"Steuben County, NY",2020
36101,NY,"Steuben County, NY",2021
36101,NY,"Steuben County, NY",2022
36103,NY,"Suffolk County, NY",2000
36103,NY,"Suffolk County, NY",2001
36103,NY,"Suffolk County, NY",2002
36103,NY,"Suffolk County, NY",2003
36103,NY,"Suffolk County, NY",2004
36103,NY,"Suffolk County, NY",2005
36103,NY,"Suffolk County, NY",2006
36103,NY,"Suffolk County, NY",2007
36103,NY,"Suffolk County, NY",2008
36103,NY,"Suffolk County, NY",2009
36103,NY,"Suffolk County, NY",2010
36103,NY,"Suffolk County, NY",2011
36103,NY,"Suffolk County, NY",2012
36103,NY,"Suffolk County, NY",2013
36103,NY,"Suffolk County, NY",2014
36103,NY,"Suffolk County, NY",2015
36103,NY,"Suffolk County, NY",2016
36103,NY,"Suffolk County, NY",2017
36103,NY,"Suffolk County, NY",2018
36103,NY,"Suffolk County, NY",2019
36103,NY,"Suffolk County, NY",2020
36103,NY,"Suffolk County, NY",2021
36103,NY,"Suffolk County, NY",2022
36105,NY,"Sullivan County, NY",2000
36105,NY,"Sullivan County, NY",2001
36105,NY,"Sullivan County, NY",2002
36105,NY,"Sullivan County, NY",2003
36105,NY,"Sullivan County, NY",2004
36105,NY,"Sullivan County, NY",2005
36105,NY,"Sullivan County, NY",2006
36105,NY,"Sullivan County, NY",2007
36105,NY,"Sullivan County, NY",2008
36105,NY,"Sullivan County, NY",2009
36105,NY,"Sullivan County, NY",2010
36105,NY,"Sullivan County, NY",2011
36105,NY,"Sullivan County, NY",2012
36105,NY,"Sullivan County, NY",2013
36105,NY,"Sullivan County, NY",2014
36105,NY,"Sullivan County, NY",2015
36105,NY,"Sullivan County, NY",2016
36105,NY,"Sullivan County, NY",2017
36105,NY,"Sullivan County, NY",2018
36105,NY,"Sullivan County, NY",2019
36105,NY,"Sullivan County, NY",2020
36105,NY,"Sullivan County, NY",2021
36105,NY,"Sullivan County, NY",2022
36107,NY,"Tioga County, NY",2000
36107,NY,"Tioga County, NY",2001
36107,NY,"Tioga County, NY",2002
36107,NY,"Tioga County, NY",2003
36107,NY,"Tioga County, NY",2004
36107,NY,"Tioga County, NY",2005
36107,NY,"Tioga County, NY",2006
36107,NY,"Tioga County, NY",2007
36107,NY,"Tioga County, NY",2008
36107,NY,"Tioga County, NY",2009
36107,NY,"Tioga County, NY",2010
36107,NY,"Tioga County, NY",2011
36107,NY,"Tioga County, NY",2012
36107,NY,"Tioga County, NY",2013
36107,NY,"Tioga County, NY",2014
36107,NY,"Tioga County, NY",2015
36107,NY,"Tioga County, NY",2016
36107,NY,"Tioga County, NY",2017
36107,NY,"Tioga County, NY",2018
36107,NY,"Tioga County, NY",2019
36107,NY,"Tioga County, NY",2020
36107,NY,"Tioga County, NY",2021
36107,NY,"Tioga County, NY",2022
36109,NY,"Tompkins County, NY",2000
36109,NY,"Tompkins County, NY",2001
36109,NY,"Tompkins County, NY",2002
36109,NY,"Tompkins County, NY",2003
36109,NY,"Tompkins County, NY",2004
36109,NY,"Tompkins County, NY",2005
36109,NY,"Tompkins County, NY",2006
36109,NY,"Tompkins County, NY",2007
36109,NY,"Tompkins County, NY",2008
36109,NY,"Tompkins County, NY",2009
36109,NY,"Tompkins County, NY",2010
36109,NY,"Tompkins County, NY",2011
36109,NY,"Tompkins County, NY",2012
36109,NY,"Tompkins County, NY",2013
36109,NY,"Tompkins County, NY",2014
36109,NY,"Tompkins County, NY",2015
36109,NY,"Tompkins County, NY",2016
36109,NY,"Tompkins County, NY",2017
36109,NY,"Tompkins County, NY",2018
36109,NY,"Tompkins County, NY",2019
36109,NY,"Tompkins County, NY",2020
36109,NY,"Tompkins County, NY",2021
36109,NY,"Tompkins County, NY",2022
36111,NY,"Ulster County, NY",2000
36111,NY,"Ulster County, NY",2001
36111,NY,"Ulster County, NY",2002
36111,NY,"Ulster County, NY",2003
36111,NY,"Ulster County, NY",2004
36111,NY,"Ulster County, NY",2005
36111,NY,"Ulster County, NY",2006
36111,NY,"Ulster County, NY",2007
36111,NY,"Ulster County, NY",2008
36111,NY,"Ulster County, NY",2009
36111,NY,"Ulster County, NY",2010
36111,NY,"Ulster County, NY",2011
36111,NY,"Ulster County, NY",2012
36111,NY,"Ulster County, NY",2013
36111,NY,"Ulster County, NY",2014
36111,NY,"Ulster County, NY",2015
36111,NY,"Ulster County, NY",2016
36111,NY,"Ulster County, NY",2017
36111,NY,"Ulster County, NY",2018
36111,NY,"Ulster County, NY",2019
36111,NY,"Ulster County, NY",2020
36111,NY,"Ulster County, NY",2021
36111,NY,"Ulster County, NY",2022
36113,NY,"Warren County, NY",2000
36113,NY,"Warren County, NY",2001
36113,NY,"Warren County, NY",2002
36113,NY,"Warren County, NY",2003
36113,NY,"Warren County, NY",2004
36113,NY,"Warren County, NY",2005
36113,NY,"Warren County, NY",2006
36113,NY,"Warren County, NY",2007
36113,NY,"Warren County, NY",2008
36113,NY,"Warren County, NY",2009
36113,NY,"Warren County, NY",2010
36113,NY,"Warren County, NY",2011
36113,NY,"Warren County, NY",2012
36113,NY,"Warren County, NY",2013
36113,NY,"Warren County, NY",2014
36113,NY,"Warren County, NY",2015
36113,NY,"Warren County, NY",2016
36113,NY,"Warren County, NY",2017
36113,NY,"Warren County, NY",2018
36113,NY,"Warren County, NY",2019
36113,NY,"Warren County, NY",2020
36113,NY,"Warren County, NY",2021
36113,NY,"Warren County, NY",2022
36115,NY,"Washington County, NY",2000
36115,NY,"Washington County, NY",2001
36115,NY,"Washington County, NY",2002
36115,NY,"Washington County, NY",2003
36115,NY,"Washington County, NY",2004
36115,NY,"Washington County, NY",2005
36115,NY,"Washington County, NY",2006
36115,NY,"Washington County, NY",2007
36115,NY,"Washington County, NY",2008
36115,NY,"Washington County, NY",2009
36115,NY,"Washington County, NY",2010
36115,NY,"Washington County, NY",2011
36115,NY,"Washington County, NY",2012
36115,NY,"Washington County, NY",2013
36115,NY,"Washington County, NY",2014
36115,NY,"Washington County, NY",2015
36115,NY,"Washington County, NY",2016
36115,NY,"Washington County, NY",2017
36115,NY,"Washington County, NY",2018
36115,NY,"Washington County, NY",2019
36115,NY,"Washington County, NY",2020
36115,NY,"Washington County, NY",2021
36115,NY,"Washington County, NY",2022
36117,NY,"Wayne County, NY",2000
36117,NY,"Wayne County, NY",2001
36117,NY,"Wayne County, NY",2002
36117,NY,"Wayne County, NY",2003
36117,NY,"Wayne County, NY",2004
36117,NY,"Wayne County, NY",2005
36117,NY,"Wayne County, NY",2006
36117,NY,"Wayne County, NY",2007
36117,NY,"Wayne County, NY",2008
36117,NY,"Wayne County, NY",2009
36117,NY,"Wayne County, NY",2010
36117,NY,"Wayne County, NY",2011
36117,NY,"Wayne County, NY",2012
36117,NY,"Wayne County, NY",2013
36117,NY,"Wayne County, NY",2014
36117,NY,"Wayne County, NY",2015
36117,NY,"Wayne County, NY",2016
36117,NY,"Wayne County, NY",2017
36117,NY,"Wayne County, NY",2018
36117,NY,"Wayne County, NY",2019
36117,NY,"Wayne County, NY",2020
36117,NY,"Wayne County, NY",2021
36117,NY,"Wayne County, NY",2022
36119,NY,"Westchester County, NY",2000
36119,NY,"Westchester County, NY",2001
36119,NY,"Westchester County, NY",2002
36119,NY,"Westchester County, NY",2003
36119,NY,"Westchester County, NY",2004
36119,NY,"Westchester County, NY",2005
36119,NY,"Westchester County, NY",2006
36119,NY,"Westchester County, NY",2007
36119,NY,"Westchester County, NY",2008
36119,NY,"Westchester County, NY",2009
36119,NY,"Westchester County, NY",2010
36119,NY,"Westchester County, NY",2011
36119,NY,"Westchester County, NY",2012
36119,NY,"Westchester County, NY",2013
36119,NY,"Westchester County, NY",2014
36119,NY,"Westchester County, NY",2015
36119,NY,"Westchester County, NY",2016
36119,NY,"Westchester County, NY",2017
36119,NY,"Westchester County, NY",2018
36119,NY,"Westchester County, NY",2019
36119,NY,"Westchester County, NY",2020
36119,NY,"Westchester County, NY",2021
36119,NY,"Westchester County, NY",2022
36121,NY,"Wyoming County, NY",2000
36121,NY,"Wyoming County, NY",2001
36121,NY,"Wyoming County, NY",2002
36121,NY,"Wyoming County, NY",2003
36121,NY,"Wyoming County, NY",2004
36121,NY,"Wyoming County, NY",2005
36121,NY,"Wyoming County, NY",2006
36121,NY,"Wyoming County, NY",2007
36121,NY,"Wyoming County, NY",2008
36121,NY,"Wyoming County, NY",2009
36121,NY,"Wyoming County, NY",2010
36121,NY,"Wyoming County, NY",2011
36121,NY,"Wyoming County, NY",2012
36121,NY,"Wyoming County, NY",2013
36121,NY,"Wyoming County, NY",2014
36121,NY,"Wyoming County, NY",2015
36121,NY,"Wyoming County, NY",2016
36121,NY,"Wyoming County, NY",2017
36121,NY,"Wyoming County, NY",2018
36121,NY,"Wyoming County, NY",2019
36121,NY,"Wyoming County, NY",2020
36121,NY,"Wyoming County, NY",2021
36121,NY,"Wyoming County, NY",2022
36123,NY,"Yates County, NY",2000
36123,NY,"Yates County, NY",2001
36123,NY,"Yates County, NY",2002
36123,NY,"Yates County, NY",2003
36123,NY,"Yates County, NY",2004
36123,NY,"Yates County, NY",2005
36123,NY,"Yates County, NY",2006
36123,NY,"Yates County, NY",2007
36123,NY,"Yates County, NY",2008
36123,NY,"Yates County, NY",2009
36123,NY,"Yates County, NY",2010
36123,NY,"Yates County, NY",2011
36123,NY,"Yates County, NY",2012
36123,NY,"Yates County, NY",2013
36123,NY,"Yates County, NY",2014
36123,NY,"Yates County, NY",2015
36123,NY,"Yates County, NY",2016
36123,NY,"Yates County, NY",2017
36123,NY,"Yates County, NY",2018
36123,NY,"Yates County, NY",2019
36123,NY,"Yates County, NY",2020
36123,NY,"Yates County, NY",2021
36123,NY,"Yates County, NY",2022
